state,revocationsPopulation,populationFraction,totalPopulation,newOffensePopulation,revocationsAdmissions,admissionsFraction,totalAdmissions,newOffenseAdmissions,newOffenseAvgTimeServedInYears,revocationsTimescale,newOffenseA,revocationA,totalCostPerInmate,marginalCostPerInmate,checkpoint1,savings1,checkpoint2,savings2,checkpoint3,savings3,checkpoint4,savings4
Alabama,672,0.02,33600,32928,3571,0.3,11903.33333,8332.333333,47.42201064,2.258190983,14.64216936,131.7795242,0.01785714286,0.001,672,12,1680,30,2240,40,3360,60
Alaska,1099,0.25,4396,3297,4895,0.17,28794.11765,23899.11765,1.655458607,2.694177732,1203.046171,151.4067397,0.07279344859,0.001,87.92,6.4,219.8,16,293.0666667,21.33333333,439.6,32
Texas,22940,0.16,143375,120435,30460,0.47,64808.51064,34348.51064,42.07518676,9.037426133,68.03002213,280.8690545,0.02262423714,0.001,2867.5,64.875,7168.75,162.1875,9558.333333,216.25,14337.5,324.375
